{
  "resourceType": "Patient",
  "id": "d3FCOLX0",
  "identifier": [{
    "system": "1.2.392.200036.9169.1.9.20.20",
    "value": "1234567890"
  }],
  "active": true,
  "name": [{
    "extension": [{
      "url": "http://hl7.org/fhir/StructureDefinition/iso21090-EN-representation",
      "valueCode": "ABC"
    }],
    "family": "FUKUOKA",
    "given": ["CHIHIRO"]
  }, {
    "extension": [{
      "url": "http://hl7.org/fhir/StructureDefinition/iso21090-EN-representation",
      "valueCode": "IDE"
    }],
    "family": "福岡",
    "given": ["千尋"]
  }, {
    "extension": [{
      "url": "http://hl7.org/fhir/StructureDefinition/iso21090-EN-representation",
      "valueCode": "SYL"
    }],
    "family": "フクオカ",
    "given": ["チヒロ"]
  }],
  "telecom": [{
    "system": "phone",
    "value": "03-6252-2220",
    "use": "home"
  }],
  "gender": "female",
  "birthDate": "1990-10-10",
  "address": [{
    "text": "東京都港区東新橋１−５−２",
    "postalCode": "105-7123",
    "country": "JP"
  }]
}