{
  "resourceType": "Patient",
  "id": "d3FCOLP1",
  "identifier": [{
    "system": "1.2.392.200036.9169.1.9.20.20",
    "value": "1234567811"
  }],
  "active": true,
  "name": [{
    "extension": [{
      "url": "http://hl7.org/fhir/StructureDefinition/iso21090-EN-representation",
      "valueCode": "ABC"
    }],
    "family": "SAKAEDA",
    "given": ["HARUKO"]
  }, {
    "extension": [{
      "url": "http://hl7.org/fhir/StructureDefinition/iso21090-EN-representation",
      "valueCode": "IDE"
    }],
    "family": "栄田",
    "given": ["春子"]
  }, {
    "extension": [{
      "url": "http://hl7.org/fhir/StructureDefinition/iso21090-EN-representation",
      "valueCode": "SYL"
    }],
    "family": "サカエダ",
    "given": ["ハルコ"]
  }],
  "telecom": [{
    "system": "phone",
    "value": "03-5674-1234",
    "use": "home"
  }],
  "gender": "female",
  "birthDate": "1989-11-11",
  "address": [{
    "text": "東京都江戸川区南葛西１−２−３",
    "postalCode": "105-1234",
    "country": "JP"
  }]
}