{
  "resourceType": "Patient",
  "id": "d3FCOLO3",
  "identifier": [{
    "system": "1.2.392.200036.9169.1.9.20.20",
    "value": "1234567803"
  }],
  "active": true,
  "name": [{
    "extension": [{
      "url": "http://hl7.org/fhir/StructureDefinition/iso21090-EN-representation",
      "valueCode": "ABC"
    }],
    "family": "MEIJO",
    "given": ["ERIKA"]
  }, {
    "extension": [{
      "url": "http://hl7.org/fhir/StructureDefinition/iso21090-EN-representation",
      "valueCode": "IDE"
    }],
    "family": "名城",
    "given": ["恵梨香"]
  }, {
    "extension": [{
      "url": "http://hl7.org/fhir/StructureDefinition/iso21090-EN-representation",
      "valueCode": "SYL"
    }],
    "family": "メイジョウ",
    "given": ["エリカ"]
  }],
  "telecom": [{
    "system": "phone",
    "value": "042-485-7111",
    "use": "home"
  }],
  "gender": "female",
  "birthDate": "1983-03-03",
  "address": [{
    "text": "東京都調布市多摩川３−３５−４",
    "postalCode": "182-0025",
    "country": "JP"
  }]
}