{
  "resourceType": "Patient",
  "id": "d3FCOLP3",
  "identifier": [{
    "system": "1.2.392.200036.9169.1.9.20.20",
    "value": "1234567813"
  }],
  "active": true,
  "name": [{
    "extension": [{
      "url": "http://hl7.org/fhir/StructureDefinition/iso21090-EN-representation",
      "valueCode": "ABC"
    }],
    "family": "TASHIRO",
    "given": ["KEIJI"]
  }, {
    "extension": [{
      "url": "http://hl7.org/fhir/StructureDefinition/iso21090-EN-representation",
      "valueCode": "IDE"
    }],
    "family": "田代",
    "given": ["慶仁"]
  }, {
    "extension": [{
      "url": "http://hl7.org/fhir/StructureDefinition/iso21090-EN-representation",
      "valueCode": "SYL"
    }],
    "family": "タシロ",
    "given": ["ケイジ"]
  }],
  "telecom": [{
    "system": "phone",
    "value": "03-3454-3456",
    "use": "home"
  }],
  "gender": "male",
  "birthDate": "1990-03-03",
  "address": [{
    "text": "東京都港区芝３−４−５",
    "postalCode": "105-3456",
    "country": "JP"
  }]
}