{
  "resourceType": "Patient",
  "id": "d3FCOLO7",
  "identifier": [{
    "system": "1.2.392.200036.9169.1.9.20.20",
    "value": "1234567807"
  }],
  "active": true,
  "name": [{
    "extension": [{
      "url": "http://hl7.org/fhir/StructureDefinition/iso21090-EN-representation",
      "valueCode": "ABC"
    }],
    "family": "KAMIMAEZU",
    "given": ["NAO"]
  }, {
    "extension": [{
      "url": "http://hl7.org/fhir/StructureDefinition/iso21090-EN-representation",
      "valueCode": "IDE"
    }],
    "family": "上前津",
    "given": ["奈央"]
  }, {
    "extension": [{
      "url": "http://hl7.org/fhir/StructureDefinition/iso21090-EN-representation",
      "valueCode": "SYL"
    }],
    "family": "カミマエヅ",
    "given": ["ナオ"]
  }],
  "telecom": [{
    "system": "phone",
    "value": "03-3454-1111",
    "use": "home"
  }],
  "gender": "female",
  "birthDate": "1987-07-07",
  "address": [{
    "text": "東京都港区芝５−７−１",
    "postalCode": "108-8001",
    "country": "JP"
  }]
}