{
  "resourceType": "Patient",
  "id": "d3FCOLO8",
  "identifier": [{
    "system": "1.2.392.200036.9169.1.9.20.20",
    "value": "1234567808"
  }],
  "active": true,
  "name": [{
    "extension": [{
      "url": "http://hl7.org/fhir/StructureDefinition/iso21090-EN-representation",
      "valueCode": "ABC"
    }],
    "family": "HIGASHIBETSUIN",
    "given": ["MITSUKO"]
  }, {
    "extension": [{
      "url": "http://hl7.org/fhir/StructureDefinition/iso21090-EN-representation",
      "valueCode": "IDE"
    }],
    "family": "東別院",
    "given": ["美智子"]
  }, {
    "extension": [{
      "url": "http://hl7.org/fhir/StructureDefinition/iso21090-EN-representation",
      "valueCode": "SYL"
    }],
    "family": "ヒガシベツイン",
    "given": ["ミチコ"]
  }],
  "telecom": [{
    "system": "phone",
    "value": "03-6667-1111",
    "use": "home"
  }],
  "gender": "female",
  "birthDate": "1988-08-08",
  "address": [{
    "text": "東京都中央 区日本橋箱崎町１９−２１",
    "postalCode": "103-8510",
    "country": "JP"
  }]
}