{
      "resourceType": "Patient",
      "id": "d3FCOLO2",
      "identifier": [ {
        "system": "1.2.392.200036.9169.1.9.20.20",
        "value": "1234567802"
      } ],
      "active": true,
      "name": [ {
        "extension": [ {
          "url": "http://hl7.org/fhir/StructureDefinition/iso21090-EN-representation",
          "valueCode": "ABC"
        } ],
        "family": "KUROKAWA",
        "given": [ "KEIJI" ]
      }, {
        "extension": [ {
          "url": "http://hl7.org/fhir/StructureDefinition/iso21090-EN-representation",
          "valueCode": "IDE"
        } ],
        "family": "黒川",
        "given": [ "慶二" ]
      }, {
        "extension": [ {
          "url": "http://hl7.org/fhir/StructureDefinition/iso21090-EN-representation",
          "valueCode": "SYL"
        } ],
        "family": "クロカワ",
        "given": [ "ケイジ" ]
      } ],
      "telecom": [ {
        "system": "phone",
        "value": "052-228-8181",
        "use": "home"
      } ],
      "gender": "male",
      "birthDate": "1982-02-02",
      "address": [ {
        "text": "愛知県名古屋市中区新栄町一丁目１番",
        "postalCode": "460-0004",
        "country": "JP"
      } ]
    }
